module_title,module_order,lesson_order,title,lesson_type,duration_seconds,is_free_preview,content_url,text_content,content_format,audio_chapters,transcript_content,map_content,documents,podcast_links,quiz_content
Lessons,1,1,Welcome to Finance,text,240,true,,"# Lesson 01: Welcome to Finance

**Course:** Mastering Finance
**Module:** Introduction
**Duration:** ~4 min
**Lesson type:** text / video
**is_free_preview:** true
**CYOA navigation:** cyoa

---

## Narrator Script

Most financial tracking tools are standalone — they have no idea whether you slept well last week, how your training is going, or whether you hit your goals. CentenarianOS Finance is different because it's in the same system as everything else. Your financial data can appear in your weekly review alongside your focus hours and nutrition quality. Your daily debrief includes a financial snapshot. The Planner lets you attach revenue and costs to specific tasks and milestones.

Finance isn't the most complex module in the system — but because it's integrated, it turns financial data from a separate chore into part of a complete picture of how your week went.

---

### What the Finance Module Tracks

The Finance module tracks two things:

**Budget categories** — Named spending buckets with a monthly budget target. You define these based on how you think about your spending: Food & Groceries, Training & Equipment, Business Expenses, Travel, Rent & Utilities, etc. Each category has a color and a monthly dollar target.

**Transactions** — Individual income and expense entries. Each transaction is dated, categorized, and described. Transactions flow into your category budgets and populate the dashboard charts.

---

### What It Doesn't Track

No bank connection and no automatic import. CentenarianOS doesn't link to your bank, credit card, or payment apps like Venmo, and nothing imports on its own. You enter transactions manually or import a CSV. To bring in bank transactions, download a statement CSV from your bank and import it (Lesson 06); a guided statement import is coming. Finance works best when you log transactions regularly (daily or weekly) or do a bulk import from your bank's CSV export at the end of each month.

---

### The Finance Dashboard

Navigate to `/dashboard/finance`. The main dashboard shows:

**Summary cards (top row):**
- Total expenses this month
- Total income this month
- Net (income minus expenses) for this month

**Monthly trend chart:** A 6-month bar chart showing income and expenses side by side for each month. Lets you see at a glance whether your financial trend is positive, stable, or declining.

**Spending by category:** A pie or donut chart showing what percentage of your monthly expenses went to each budget category.

**Budget progress bars:** One bar per active budget category, showing how much of the monthly budget has been spent and how much remains. Categories over budget are flagged visually.

Below the dashboard, you can access the detailed transaction history via **View All Transactions** or the **Transactions** link in the Finance navigation.

---

### How Finance Connects to the Rest of the System

**Daily Debrief (Engine):** The daily debrief has optional Revenue and Expenses fields. These aren't connected to the Finance module's transactions — they're a quick daily financial note. But they're conceptually related: the debrief is for quick estimates, Finance is for detailed records.

**Planner tasks:** Every task in the Planner has optional Estimated Cost, Actual Cost, and Revenue fields. These don't automatically create Finance transactions — they're tracked separately within the Planner hierarchy.

**Weekly Review:** The weekly review's financial summary references your Planner task financial data (revenue generated from tasks) alongside other week metrics.

The Finance module is the dedicated ledger. Use it for your actual household and business financial tracking.

---

## Screen Recording Notes

> [SCREEN: Navigate to /dashboard/finance — show the full dashboard]

> [SCREENSHOT: Finance dashboard — callouts: Summary cards (expenses, income, net), Monthly trend chart (6 months), Spending by category chart, Budget progress bars]

> [SCREEN: Hover over the monthly trend chart bars — show the hover tooltip with monthly values]

> [SCREEN: Hover over the spending by category chart — show category names and percentages]

> [SCREEN: Scroll down to the budget progress bars — show a category that's under budget and one that's over]

> [SCREEN: End on the full dashboard view — end lesson]

---

## Key Takeaways

- Finance tracks budget categories (monthly targets) and transactions (income + expenses)
- No bank connection: transactions come in by manual entry or CSV import, including a statement CSV downloaded from your bank
- Dashboard: summary cards (month totals), 6-month trend chart, spending by category, budget progress bars
- Finance connects to: Engine daily debrief (quick daily notes), Planner task financials (project-level cost/revenue)
- Works best with regular logging (daily or weekly) or a monthly bulk import from your bank's CSV export
",markdown,,,,,,
Lessons,1,2,Setting Up Budget Categories,text,300,true,,"# Lesson 02: Setting Up Budget Categories

**Course:** Mastering Finance
**Module:** Setup
**Duration:** ~4 min
**Lesson type:** text / video
**is_free_preview:** true
**CYOA navigation:** cyoa

---

## Narrator Script

Budget categories are the foundation of the Finance module. Every transaction belongs to a category, and every category has a monthly budget target. Setting them up thoughtfully at the start means your dashboard and progress bars will be meaningful from day one.

---

### What a Budget Category Is

A budget category is a named spending bucket with three properties:

**Name** — What you call this category. It should be clear and specific enough that you know exactly which transactions belong here: ""Groceries"", ""Dining Out"", ""Training & Equipment"", ""SaaS & Software"", ""Rent"", ""Travel"".

**Monthly budget** — The dollar amount you intend to spend in this category per month. This is the target the progress bar measures against. If you set $400 for Groceries and you've logged $310 in grocery transactions this month, the progress bar shows 77.5%.

**Color** — A visual identifier for this category. Colors appear in the spending-by-category chart and on transaction entries. Pick distinct colors so categories are easy to read at a glance in the pie chart.

---

### Creating a Budget Category

From the Finance dashboard, click **+ Add Category** (or the category management button — it may be in a modal or sidebar depending on your view).

The category form opens:

- **Category name** — Enter the name (e.g., ""Groceries"")
- **Monthly budget** — Enter the dollar amount (e.g., 400)
- **Color** — Pick from the color palette

Click **Save**. The new category appears in your budget progress bars and is available in the transaction category dropdown.

---

### How Many Categories to Create

More categories = more granular data but more work per transaction. Fewer categories = easier logging but less insight.

A practical starting set for personal finance (8–12 categories):
- Housing (rent, mortgage)
- Groceries
- Dining Out
- Transportation (gas, rideshare, parking)
- Health & Medical
- Training & Fitness
- Entertainment & Media
- Clothing & Personal
- Travel
- Business & Work Expenses
- Savings & Investments
- Miscellaneous

Don't over-engineer the categories before you've logged a month of transactions. Start with 6–8 broad categories, then split them once you see where you actually spend. ""Food"" can always become ""Groceries"" and ""Dining Out"" after you realize the distinction matters to you.

For business or freelance use:
- Separate business income and personal income categories
- Create specific expense categories for your business type: Marketing, Software/SaaS, Contractors, Professional Development, Equipment

---

### Editing a Category

Click **Edit** on any category card or row. Update the name, budget amount, or color. Changes take effect immediately — existing transactions assigned to this category are not affected. The category still shows in all past charts and progress bars.

---

### Deleting a Category

Click **Delete** on any category. A confirmation prompt appears. If the category has transactions assigned to it, you'll be asked what to do with those transactions: reassign them to a different category or leave them uncategorized.

Avoid deleting categories you've actively used — the historical chart data will become less readable if those transactions are uncategorized. A better approach is to rename an old category or leave it inactive rather than deleting it.

---

### Categories Without Budget Targets

You can create a category with a $0 monthly budget. This means the category still groups and tracks transactions, but no progress bar or ""over budget"" flag will appear for it. Useful for income categories (you're not budgeting income the same way you budget expenses) or irregular expense categories like ""Annual Subscriptions"" where a monthly target doesn't make sense.

---

## Screen Recording Notes

> [SCREEN: Navigate to /dashboard/finance — click ""+ Add Category""]

> [SCREEN: Category creation modal or form opens]

> [SCREENSHOT: Category form — callouts: Name field, Monthly budget field, Color picker]

> [SCREEN: Type ""Groceries"" in Name]

> [SCREEN: Enter ""400"" in Monthly budget]

> [SCREEN: Select a green color from the color picker]

> [SCREEN: Click Save — category appears in the budget progress bars section]

> [SCREENSHOT: Budget progress bars — new ""Groceries"" category visible — callout: ""$0 / $400 — 0% used (no transactions yet)""]

> [SCREEN: Create a second category: ""Dining Out"", $150, orange color — save]

> [SCREEN: Create a third category: ""Training & Fitness"", $200, blue — save]

> [SCREENSHOT: Budget progress bars with 3 categories visible]

> [SCREEN: Click Edit on Groceries — change the budget to $450 — save — progress bar updates]

> [SCREEN: End on the budget progress bars section — end lesson]

---

## Key Takeaways

- Each category has: Name, Monthly budget (dollar target), Color
- Categories power the budget progress bars and the spending-by-category chart
- Start with 6–8 broad categories — split them after a month when you know where you actually spend
- $0 monthly budget = category still groups transactions but no progress bar target
- Deleting a category with transactions requires reassigning those transactions — prefer renaming over deleting
- Color matters: distinct colors make the spending pie chart readable at a glance
",markdown,,,,,,
Lessons,1,3,Logging Transactions,text,360,true,,"# Lesson 03: Logging Transactions

**Course:** Mastering Finance
**Module:** Daily Use
**Duration:** ~4 min
**Lesson type:** text / video
**is_free_preview:** true
**CYOA navigation:** cyoa

---

## Narrator Script

A transaction is any single financial event — money going out (expense) or money coming in (income). Logging transactions is the core daily action in the Finance module. This lesson covers every field in the transaction form and how to build the logging habit.

---

### Adding a Transaction

From the Finance dashboard, click **+ Add Transaction**. The transaction modal opens.

---

### Transaction Form Fields

**Type** — Choose between **Expense** (money out) or **Income** (money in). This is the primary distinction. All expense transactions subtract from your budget category spending; income transactions add to your monthly income total and show separately in the summary cards and trend chart.

**Amount** — The dollar amount. Enter as a number (no $ symbol needed): 47.50, 1200, 8.99.

**Date** — The date this transaction occurred. Defaults to today. Click to change — you can log past transactions at any time.

**Category** — Which budget category does this belong to? Select from the categories you've created. If no category fits, select ""Uncategorized"" — you can always reassign later.

**Description** — A short note describing what this transaction was. Be specific enough that you'll recognize it later: ""Whole Foods weekly shop"", ""Client invoice — March retainer"", ""Netflix annual subscription"". Not so specific that you include the full receipt line-by-line — one line per transaction event is the right granularity.

**Vendor** (optional) — The business or person you paid or received from. ""Whole Foods"", ""Amazon"", ""Client Name"", ""Apple"". Vendor data is useful for searching your transaction history (""show me all Amazon transactions this year"") and for the spending-by-vendor breakdown in analytics.

Click **Save**. The transaction is logged immediately and your dashboard stats update.

---

### Teaching CentenarianOS Your Vendors

If you gave the transaction both a vendor and a category, a small prompt appears at the top of the dashboard after you save:

> Always categorize 'Whole Foods' as Groceries? **[Always]** **[Just this once]**

- **Always** makes Groceries the learned category for Whole Foods. From then on, any Whole Foods transaction that arrives without a category gets Groceries automatically, whether you add it by hand, scan a receipt, or import a CSV. You'll then be offered the chance to apply Groceries to your past Whole Foods transactions too, with the count shown before anything changes.
- **Just this once** changes nothing else.

The prompt only appears when the vendor has no learned category yet, or has a different one. If you leave Category empty for a vendor that already has a learned category, the transaction gets that category when it saves. A category you pick yourself always wins.

---

### Expense vs. Income — Practical Examples

**Expenses:**
- Grocery run: $94.50, Groceries category, vendor ""Whole Foods""
- Monthly gym: $75, Training & Fitness, vendor ""Equinox""
- Software subscription: $29, Business Expenses, vendor ""Adobe""
- Coffee meeting: $18, Dining Out, vendor ""Blue Bottle Coffee""

**Income:**
- Freelance invoice paid: $2,400, Business Income category
- Salary deposit: $4,500, Salary/Employment category
- Side project payment: $750, Freelance Income category

---

### Logging Cadence

**Daily logging** — most accurate. Takes 30–60 seconds at the end of the day while the transactions are fresh. Best if you have high transaction volume or care about precise budget tracking.

**Weekly logging** — workable. Set aside 5–10 minutes each Sunday to log the week's transactions from memory or bank statements. Some detail may be lost.

**Monthly bulk import** — most common approach for people who find daily logging too much friction. Export a CSV from your bank or credit card at the end of the month, import it, and categorize in bulk. Covered in Lesson 06.

---

### Editing a Transaction

Transactions can be edited after saving. From the transaction history (Lesson 05) or via the dashboard's recent transactions list, click **Edit** on any entry. All fields are editable — update the amount, date, category, description, or vendor and save.

---

### Handling Split Transactions

One vendor visit can span multiple categories — a Target run that includes groceries and household supplies. Log this as two separate transactions with the same date and vendor: one for the grocery portion in ""Groceries"", one for the household supplies portion in ""Home & Supplies"". Split transactions give you accurate budget tracking per category.

---

## Screen Recording Notes

> [SCREEN: Navigate to /dashboard/finance — click ""+ Add Transaction""]

> [SCREEN: Transaction modal opens]

> [SCREENSHOT: Transaction form — callouts: Type (Expense/Income toggle), Amount, Date, Category dropdown, Description, Vendor (optional)]

> [SCREEN: Select ""Expense"" type]

> [SCREEN: Enter Amount: 94.50]

> [SCREEN: Confirm Date is today (or set to yesterday)]

> [SCREEN: Click Category dropdown — select ""Groceries""]

> [SCREEN: Type ""Weekly grocery shop"" in Description]

> [SCREEN: Type ""Whole Foods"" in Vendor]

> [SCREEN: Click Save — modal closes — dashboard stats update]

> [SCREENSHOT: The ""Always categorize 'Whole Foods' as Groceries?"" prompt at the top of the dashboard — callout: ""Always teaches the vendor's category; Just this once changes nothing else""]

> [SCREENSHOT: Dashboard after save — Expenses summary card shows updated total — Groceries budget progress bar has advanced]

> [SCREEN: Click ""+ Add Transaction"" again — add an Income transaction: $2,400, Business Income, ""March retainer payment"", vendor ""Client Co.""]

> [SCREENSHOT: Dashboard after income transaction — Income summary card updated — Net calculation changed]

> [SCREEN: Show the spending by category chart updating to reflect the new Groceries transaction]

> [SCREEN: End on the updated dashboard — end lesson]

---

## Key Takeaways

- Every transaction has: Type (Expense/Income), Amount, Date, Category, Description, optional Vendor
- Expense transactions update budget category progress bars; Income appears separately in summary cards
- Log cadence options: daily (most accurate), weekly (workable), monthly CSV import (lowest friction)
- Split a single vendor visit into multiple transactions if it spans multiple categories
- Description should be recognizable at a glance weeks later — not a full receipt, not a useless vague label
- Vendor field enables vendor-level search and spending analysis in transaction history
- After saving a vendor + category, answer ""Always"" to have that vendor's future transactions categorized automatically, or ""Just this once"" to leave it at this one
",markdown,,,,,,
Lessons,1,4,Reading Your Dashboard,text,300,true,,"# Lesson 04: Reading Your Dashboard

**Course:** Mastering Finance
**Module:** Analytics
**Duration:** ~4 min
**Lesson type:** text / video
**is_free_preview:** true
**CYOA navigation:** cyoa

---

## Narrator Script

The Finance dashboard gives you a complete financial snapshot without having to read through individual transactions. Once you have at least a few weeks of data, the charts and progress bars start telling a story. This lesson covers how to read each element and what to act on.

---

### Summary Cards

At the top of the dashboard, three summary cards show your current month's financial state:

**Total Expenses** — Sum of all expense transactions in the current calendar month.

**Total Income** — Sum of all income transactions in the current calendar month.

**Net** — Income minus Expenses. Positive net = surplus. Negative net = deficit. This is the single most important number on the dashboard. A consistent positive net is the financial foundation of everything else.

These cards update immediately when you log or edit transactions.

---

### Monthly Trend Chart

Below the summary cards, a bar chart shows the last 6 months of income and expenses side by side. Each month has two bars: one for total expenses (typically in red or a warm color) and one for total income (typically in green or a cool color).

**What to look for:**

- **Income consistently higher than expenses** — healthy. The gap is your monthly surplus.
- **Expenses creeping upward month over month** — worth investigating. Which categories are driving the increase?
- **A specific month with a spike** — identify the outlier transaction. One-time large expenses (annual subscriptions, equipment purchases, travel) will show as spikes. These are normal but worth labeling clearly in your transaction descriptions so you can identify them easily.
- **Income volatility** — common for freelancers and business owners. The trend chart makes the irregular nature of income visible at a glance.

Hover over any bar to see the exact dollar total for that month.

---

### Spending by Category Chart

A pie or donut chart showing what percentage of your total monthly expenses went to each budget category. Each slice is colored with the category's color.

**What to look for:**

- **Which categories dominate** — the largest slices. If a category you consider low-priority is eating 30% of your monthly expenses, that's a flag.
- **Uncategorized slice** — if a significant portion of expenses is ""Uncategorized"", you have transactions that need to be assigned. A large uncategorized slice means your budget progress bars aren't accurate.
- **Balance between categories** — over time, your spending distribution should reflect your actual priorities.

Hover over any slice to see the category name, dollar amount, and percentage.

---

### Budget Progress Bars

One horizontal progress bar per budget category. Each bar shows:

- **Category name and color** on the left
- **Amount spent / Monthly budget** (e.g., ""$310 / $400"")
- **Progress bar** — fills left to right as you spend
- **Remaining amount** — how much is left in this category's budget for the month

**Color states:**
- **Neutral/green** — under budget, healthy amount of runway remaining
- **Amber** — approaching the budget (typically 80–85%+ used)
- **Red / over-budget indicator** — budget exceeded. The bar extends past 100% and the overage amount is shown

At a glance, the progress bars tell you which categories have room to spend and which are at risk. Check them before making discretionary purchases — ""I've already spent $380 of $400 in Dining Out this month"" is useful decision-making context.

---

### Acting on the Dashboard

The dashboard is a diagnostic, not a report. The right response to what you see:

- **Net is consistently negative** → find the largest expense category and set a lower monthly budget target with intent to spend down to it
- **A category is consistently over budget** → either the budget target is unrealistic and should be raised, or spending in that category genuinely needs to decrease
- **Income trend is flat while expenses are rising** → the gap is narrowing; address it before it becomes a deficit
- **Everything looks fine** → check the spending-by-category chart for any category whose slice is disproportionate to its perceived priority in your life

---

## Screen Recording Notes

> [SCREEN: Navigate to /dashboard/finance — show the full dashboard with real data]

> [SCREENSHOT: Summary cards — callouts: Total Expenses, Total Income, Net (with sign: +/−)]

> [SCREEN: Point to the monthly trend chart — hover over a few bars to show tooltips]

> [SCREENSHOT: Monthly trend chart — callouts: Income bars, Expense bars, 6-month window, hover tooltip showing exact month value]

> [SCREEN: Point to the spending by category chart — hover over slices]

> [SCREENSHOT: Spending by category — callouts: Largest slice (dominant category), Uncategorized slice if present, Color legend]

> [SCREEN: Scroll to budget progress bars — show one under budget (green), one near budget (amber), one over budget (red)]

> [SCREENSHOT: Budget progress bars — callouts: Amount spent / budget label, Progress bar fill, Remaining amount, Over-budget state (if present)]

> [SCREEN: End on the budget progress bars — end lesson]

---

## Key Takeaways

- Three summary cards: Total Expenses, Total Income, Net — all for the current calendar month
- Monthly trend chart: 6 months of income vs. expenses — hover for exact values
- Spending by category: pie chart by expense category — large uncategorized slice = uncategorized transactions to assign
- Budget progress bars: green → healthy, amber → approaching limit, red → over budget
- Use progress bars as pre-purchase context: ""How much is left in this category this month?""
- Net consistently negative = address it; category consistently over budget = either raise the target or reduce spending
",markdown,,,,,,
Lessons,1,5,Transaction History,text,360,true,,"# Lesson 05: Transaction History

**Course:** Mastering Finance
**Module:** Transaction Management
**Duration:** ~4 min
**Lesson type:** text / video
**is_free_preview:** true
**CYOA navigation:** cyoa

---

## Narrator Script

The dashboard shows you summaries. The Transaction History shows you the actual records — every individual transaction you've logged, searchable and filterable. This is where you do maintenance work: fixing miscategorized transactions, finding specific entries, and reviewing your spending at a detailed level.

---

### Navigating to Transaction History

From the Finance dashboard, click **View All Transactions** or the **Transactions** link in the Finance navigation. This takes you to `/dashboard/finance/transactions`.

---

### The Transactions List

The transactions page shows all your transactions in reverse chronological order (most recent first). Each row shows:

- **Date** — when the transaction occurred
- **Type** — Expense or Income, visually distinguished (usually red for expense, green for income)
- **Amount** — the dollar value
- **Category** — which budget category it's assigned to
- **Description** — your transaction note
- **Vendor** — the vendor if you logged one
- **Edit** and **Delete** buttons

---

### Filtering and Searching

**Date range filter** — Set a start and end date to view transactions within a specific period. Useful for reviewing a single month, a quarter, or a custom range for tax purposes.

**Type filter** — Show only Expenses, only Income, or both.

**Category filter** — Filter to transactions in a specific category. ""Show me all Dining Out transactions for Q1"" is a common query.

**Vendor search** — Type any vendor name to filter by vendor. ""Amazon"" returns all Amazon transactions. Useful for reviewing subscriptions, recurring expenses, or a specific vendor relationship.

**Description search** — Free-text search across description fields. Helpful when you remember part of a description but not the date or category.

Filters stack — you can combine date range + category + type to find exactly what you need.

---

### Editing a Transaction

Click **Edit** on any row. The transaction form opens with all fields pre-filled. Update anything — amount, date, category, description, vendor — and click Save.

Common reasons to edit:
- **Wrong category** — you logged groceries under Dining Out
- **Wrong date** — logged today but the transaction was yesterday
- **Incomplete vendor** — you left it blank but want to add it for better analytics
- **Amount error** — typo in the amount

When you set or change the category of a transaction that has a vendor, a prompt appears above the list: ""Always categorize 'CHIPOTLE' as Dining? [Always] [Just this once]"". **Always** makes it that vendor's learned category, so its future transactions (including receipt scans and CSV imports) are categorized automatically, and then offers to apply it to the vendor's past transactions, showing how many first. **Just this once** changes nothing else.

---

### Deleting a Transaction

Click **Delete** on any row. A confirmation prompt appears. Deletion is permanent — the transaction is removed from all dashboard totals, charts, and budget progress bars immediately.

Use delete for:
- Duplicate transactions (logged the same transaction twice)
- Test entries
- Truly erroneous entries that don't represent a real financial event

Don't delete transactions just because they were over-budget or you regret the expense — that history is useful data.

---

### Bulk Reassignment

If several transactions landed in the wrong category (or are uncategorized), tick the checkbox on each row (or the header checkbox for the whole page). A bar appears where you can **Set category**, set a brand, or add a life tag, then click **Apply**.

If every transaction you selected is from the same vendor, the ""Always categorize this vendor as ...?"" prompt appears after you apply, so you can make the choice stick for that vendor's future transactions.

---

### Year-End Review

The transaction history is your ledger for tax and financial planning purposes. At year-end:

1. Set the date range to January 1 – December 31 of the year
2. Filter to Income to see total annual income by category
3. Filter to Business Expenses to see deductible business costs
4. Use the CSV export (Lesson 06) to download the full year as a spreadsheet for your accountant

---

## Screen Recording Notes

> [SCREEN: Navigate to /dashboard/finance — click ""View All Transactions"" or ""Transactions"" in nav]

> [SCREEN: Transaction history page loads — show the full list]

> [SCREENSHOT: Transactions list — callouts: Date, Type badge (Expense/Income), Amount, Category, Description, Vendor, Edit and Delete buttons]

> [SCREEN: Use the date range filter — set to current month — list filters to only this month's transactions]

> [SCREEN: Use the category filter — select ""Groceries"" — list filters to Groceries only]

> [SCREENSHOT: Filtered list showing only Groceries transactions — callout: Filter chips active at top]

> [SCREEN: Type ""Whole Foods"" in vendor search — show filtered results]

> [SCREEN: Click Edit on a transaction — edit form opens pre-filled — change the category — save]

> [SCREENSHOT: Edit form — callout: ""All fields editable — category reassignment is the most common edit""]

> [SCREENSHOT: The ""Always categorize ... as ...?"" prompt above the list after saving — callout: ""Always / Just this once""]

> [SCREEN: Click Delete on a transaction — confirmation prompt — cancel (don't delete for demo)]

> [SCREEN: Clear all filters — show the full unfiltered list]

> [SCREEN: End on the transaction history — end lesson]

---

## Key Takeaways

- Transaction history at /dashboard/finance/transactions — all transactions, most recent first
- Filter by: date range, type (expense/income), category, vendor, description keyword — filters stack
- Edit any transaction: fix category, amount, date, vendor, description
- Changing a category offers ""Always"" (the vendor's future transactions get it too) or ""Just this once""
- Select rows to bulk-set a category, brand, or life tag
- Delete is permanent — use for duplicates and errors, not for over-budget regret
- Vendor search is powerful: ""Amazon"" finds every Amazon transaction across all time
- Year-end: filter to Jan 1–Dec 31, export CSV for accountant or tax purposes
",markdown,,,,,,
Lessons,1,6,Importing and Exporting,text,720,true,,"# Lesson 06: Importing and Exporting

**Course:** Mastering Finance
**Module:** Data Management
**Duration:** ~7 min
**Lesson type:** text / video
**is_free_preview:** true
**CYOA navigation:** cyoa

---

## Narrator Script

CentenarianOS does not connect to your bank, so nothing arrives on its own. The low-effort way to keep Finance current is to download a statement from your bank once a month and import it. This lesson walks through the bank statement import step by step, shows how to undo an import, and ends with exporting your transactions.

---

### Before You Start

**Get the file from your bank.** Most banks and card providers let you download your transactions as a CSV file:

1. Sign in to your bank's website
2. Open the account's activity or statements page
3. Look for Download or Export and choose CSV
4. Pick the date range and save the file

**Have the account in Finance.** A statement is always imported into one account, so the account has to exist first. Lesson 07 covers adding accounts.

**Know the limits.** One import takes up to 5,000 rows and 4,000,000 characters. For a longer history, download shorter date ranges and import them one at a time.

---

### Opening the Import

There are two ways in:

- On the Finance dashboard, click **Import bank statement**
- On **Finance → Accounts**, click **Import statement** on an account. That account is already chosen when the import opens.

The import has four steps, shown across the top of the page: **1 Account and file · 2 Columns · 3 Review · 4 Done**. Nothing is saved until the end of step 3, and **Back** keeps everything you entered.

---

### Step 1: Account and File

**Choose the account.** This is required. Each option shows the bank, the account name, and the last four digits, so two accounts with the same name are easy to tell apart. If the account isn't listed, the link under the list takes you to the Accounts page to add it.

**Give it the statement.** Either choose the CSV file, or paste the file's text into the box and click **Use pasted text**.

The file is read on your device first, and the page tells you what it found:

- Whether it recognized the layout (""Looks like a Chase credit card export""), found the columns by their names, or needs you to choose them
- Which line the header row is on
- How many transaction rows there are
- Any lines above the table that were skipped, such as a summary block
- Warnings about damage in the file, such as a quotation mark that is never closed

A recognized layout is a starting guess. You confirm the columns in the next step either way.

If the file is over the limits, the page says so here and stops.

---

### Step 2: Columns

This step answers three questions about the file.

**Which column is which?** There is one list per role, already filled in from the file:

| Role | Needed? | What it is |
|------|---------|------------|
| **Date** | Required | The transaction date |
| **Description** | Required | What the bank printed for the transaction |
| **Amount** | Required for one-column files | The money column |
| **Debit** and **Credit** | Required for two-column files | Money out and money in, in separate columns |
| **Type** | Required when a type column gives the direction | Says debit or credit for each row |
| **Posted date** | Optional | Used only for a row that has no date |
| **Merchant** | Optional | A clean store name, when the file has one |
| **Memo** | Optional | Used as the description when a row has none |
| **Category** | Optional | Matched by name to your budget categories |
| **Bank ID** | Optional | The bank's own transaction or reference number |
| **Status** | Optional | Says Pending or Posted |

**How does the file show a purchase?** Banks disagree about this, so you choose one:

- **Purchases are negative numbers**
- **Purchases are positive numbers**
- **Separate debit and credit columns**
- **A type column says debit or credit**

The starting choice comes from the settings you saved for this account, then from the file itself, and, when the file gives no clue, from the account type: a credit card account starts with ""purchases are positive"".

**How does the file write dates?** Month/Day/Year, Day/Month/Year, or Year-Month-Day. When every date in the file could be read two ways (03/04/2026 is March 4 or April 3), the page shows an example and you have to choose before you can continue.

Two switches sit under the columns:

- **Include pending transactions** is off. Rows the bank marks as pending are left out, because a pending charge can change before it posts.
- **Remember these settings for this account** is on. After a successful import, the settings are saved and filled in the next time you import into that account.

**Check the sample.** At the bottom, the first five rows are shown the way they will be read: date, amount, Expense or Income, and description. A line under it counts the whole file, for example ""148 of 150 rows can be read: 140 as expenses and 8 as income"". If your purchases show up as Income, the sign choice is wrong. If the dates look off, the date order is wrong. Fix it here, before anything is sent.

---

### Step 3: Review

Now the statement is compared with what is already in the account. Still nothing is saved.

**Every row has a status:**

| Status | What it means | What happens by default |
|--------|---------------|-------------------------|
| **New** | Not in the account yet | It is added |
| **Already imported** | The same row, or a transaction with the same date, amount, and vendor, is already in the account | It is skipped |
| **Repeated in this file** | An earlier row of this file has the same bank ID | It is skipped |
| **Matches an entry you made** | You already typed or scanned this purchase. The row shows your entry's date, amount, and name | The statement row is linked to your entry, so there is no second copy |
| **Can't import** | The row can't be used. The reason is shown, for example a pending row | It is left out |

Rows the import could not read at all are listed at the bottom with their row number in your file and the reason, such as an amount that is not a number.

**The tabs** above the list show the count for each status. Click one to see only those rows.

**For each row you can:**

- Choose what to do. The choices depend on the row: a new row can be imported or skipped, a matched row can be linked, imported as its own transaction, or skipped, and a row that only looks like a duplicate can be imported anyway.
- Switch it between **Expense** and **Income**
- Pick a **Category**. Rows from a vendor with a learned category, the one you set by answering ""Always"" to the categorize prompt (Lessons 03 and 09), arrive with that category filled in and marked **Learned from this vendor**.

**To change several rows at once,** tick them (or tick **Select all on this page**), then use **Set category...** or **Skip selected**.

**The summary line** at the top keeps count as you go: ""Will add 42, link 3, skip 7"".

A statement with more than 200 rows is shown 200 at a time, with **Previous 200** and **Next 200** under the list.

When it looks right, click **Import statement**.

---

### Step 4: Done

The result shows how many rows were imported, linked to your own entries, skipped as duplicates, and rejected, with the reason for each rejected row.

From here you can:

- **Undo this import**
- **View these transactions**, which opens the Transactions page
- **Import another file**, which starts again with the same account chosen

Under the result, **Import history** lists every import you have run: the date, the account, the file name, the counts, and whether it was undone. The same list is on step 1, so you can come back later and undo an import without running a new one.

---

### Undoing an Import

Click **Undo this import** on the result, or **Undo** next to an import in Import history. You are asked to confirm first. Then:

- Transactions that import added are deleted
- Any of those you edited afterwards are kept, and the page lists them so you can decide what to do with each
- Entries you made yourself that the import linked stay in your transactions. Only the link is removed

---

### Importing the Same File Twice

It is safe. Every imported row carries an identity, either the bank's own ID or one built from its date, amount, direction, and description. When you import a file again, or a new statement whose dates overlap the last one, the rows already in the account show as **Already imported** and are skipped.

---

### Tips for Monthly Imports

- **Import monthly.** Thirty days of transactions are quick to review, and you still remember what they were.
- **Create your budget categories first** (Lesson 02), so you can assign them during the review.
- **Answer ""Always""** when the categorize prompt appears. Each vendor you teach is one less row to categorize next month.
- **One account at a time.** Download each account's statement separately and import it into that account.
- **No bank export?** Step 1 has a simple template (date, amount, type, description, vendor, category) you can fill in by hand and import the same way.

---

### Exporting Transactions

On the Finance dashboard, click **Export**. A CSV file of all your transactions downloads, with these columns: Date, Type, Amount, Description, Vendor, Category, Notes.

To export a date range, use the Finance card in the **Data Hub** (`/dashboard/data`). It shows the export address and the date filters it accepts: add `?from=YYYY-MM-DD&to=YYYY-MM-DD` to that address.

The exported file can be:

- Opened in Excel or Google Sheets for your own analysis
- Shared with an accountant for tax preparation
- Kept as a backup of your Finance data

---

### No Automatic Sync

Importing is manual on purpose. You download the statement, look at every row before it is saved, and categorize with intent. That review is also a chance to catch a charge you don't recognize.

Statement import needs a connection. If you are offline, the page says so, and the preview, import, and undo buttons wait until you are back online.

---

## Screen Recording Notes

> [SCREEN: Navigate to /dashboard/finance, click ""Import bank statement""]

> [SCREENSHOT: Step 1. Callouts: step indicator across the top, Account list showing bank + name + last four, Statement file input, paste box]

> [SCREEN: Choose the account, choose a sample bank CSV. The green panel appears]

> [SCREENSHOT: What the page found. Callouts: layout line, ""Header row found on line N"", row count]

> [SCREEN: Click ""Continue to columns""]

> [SCREENSHOT: Step 2. Callouts: column lists, the four ""How does this file show a purchase?"" choices, date order choices, the two checkboxes]

> [SCREEN: Switch the sign choice to the wrong one. The sample rows flip from Expense to Income. Switch it back]

> [SCREENSHOT: The sample. Callouts: Expense / Income chips, the ""N of N rows can be read"" line]

> [SCREEN: Click ""Continue to review""]

> [SCREENSHOT: Step 3. Callouts: summary line ""Will add..., link..., skip..."", status tabs with counts, a New row with its category marked ""Learned from this vendor"", a ""Matches an entry you made"" row showing the entry]

> [SCREEN: Change one row's category. Tick three rows, use ""Set category..."" to set them all at once. Skip one row. The summary line updates each time]

> [SCREEN: Click ""Import statement"". Step 4 appears]

> [SCREENSHOT: Step 4. Callouts: Imported / Linked / Skipped as duplicates / Rejected counts, Undo this import, View these transactions, Import another file, Import history below]

> [SCREEN: Click ""Import another file"", choose the same CSV again, continue to Review. Every row shows ""Already imported""]

> [SCREEN: Go back to step 1. In Import history, click Undo on the import, confirm. The summary of what was deleted, unlinked, and kept appears]

> [SCREEN: Navigate to /dashboard/finance, click Export. The CSV downloads]

> [SCREEN: End on the Finance dashboard]

---

## Key Takeaways

- There is no bank connection: download a CSV statement from your bank and import it
- Open the import from the Finance dashboard (**Import bank statement**) or from an account on the Accounts page (**Import statement**)
- Step 1: choose the account (required) and the file, or paste its text. One import takes up to 5,000 rows
- Step 2: confirm the columns, how the file shows a purchase, and the date order. Check the five-row sample before continuing
- Step 3: review every row. Statuses are New, Already imported, Repeated in this file, Matches an entry you made, and Can't import
- A row that matches an entry you made is linked to it instead of being added twice
- Set categories per row or for several selected rows at once. Learned vendor categories are filled in for you
- Step 4: see what was imported, linked, skipped, and rejected. Every import can be undone, from the result or from Import history
- Undo keeps any imported transaction you edited afterwards, and keeps your own entries
- Importing the same file again is safe: rows already in the account are skipped
- Export on the Finance dashboard downloads all transactions as a CSV
",markdown,,,,,,
Lessons,1,7,Managing Financial Accounts,text,240,true,,"# Lesson 07: Managing Financial Accounts

**Course:** Mastering Your Finances
**Module:** Accounts
**Duration:** ~6 min
**Lesson type:** text / video
**is_free_preview:** true
**CYOA navigation:** cyoa

---

## Narrator Script

Financial accounts are the containers for your money — checking accounts, savings accounts, credit cards, loans, and cash. This lesson covers how to set them up, what each field does, and how they connect to your transactions.

---

### What Is a Financial Account?

A financial account represents a real-world account or cash reserve. Every transaction you log can be assigned to an account, which lets you track balances, see per-account spending, and know exactly where your money lives.

---

### Account Types

Five types are supported:

| Type | Description | Example |
|------|-------------|---------|
| **Checking** | Primary spending account | Chase Checking |
| **Savings** | Money set aside | Ally Savings |
| **Credit Card** | Revolving credit | Visa Signature |
| **Loan** | Installment debt | Car loan, mortgage |
| **Cash** | Physical cash or petty cash | Wallet, emergency fund |

---

### Creating an Account

Navigate to `/dashboard/finance/accounts` and click **+ Add Account**.

The form includes:

| Field | Type | Notes |
|-------|------|-------|
| **Name** | text | Required — e.g., ""Chase Checking"" |
| **Account Type** | select | checking / savings / credit_card / loan / cash |
| **Institution Name** | text | Optional — bank or lender name |
| **Last Four** | 4 chars | Last 4 digits of account number (for identification) |
| **Opening Balance** | number | Starting balance — used as the baseline for calculations |
| **Interest Rate** | number | Optional — APR for savings/loans, APY for credit cards |
| **Credit Limit** | number | Optional — only relevant for credit cards |
| **Monthly Fee** | number | Optional — recurring account fee |
| **Due Date** | 1-28 | Optional — payment due day of month (credit cards, loans) |
| **Statement Date** | 1-28 | Optional — statement close day of month |

---

### How Balances Work

Account balances are calculated, not stored directly:

```
Balance = Opening Balance + SUM(income transactions) - SUM(expense transactions)
```

Every transaction assigned to the account affects the balance. Income adds. Expenses subtract. The opening balance provides the starting point.

This means you don't manually update balances — they stay accurate as long as your transactions are assigned to the right accounts.

---

### The Accounts Dashboard

The accounts row appears at the top of your finance dashboard (`/dashboard/finance`). Each account shows:
- Account name and type icon
- Current balance
- Last four digits (if set)

Click an account to filter the dashboard to only that account's transactions.

---

### Managing Accounts

The accounts management page at `/dashboard/finance/accounts` lets you:

**Edit** — change any field. Balance recalculates automatically.

**Delete** — two behaviors:
- If the account has no transactions: hard delete (permanently removed)
- If the account has transactions: soft deactivate (`is_active = false`). The account disappears from the dashboard but its data is preserved.

**Reactivate** — if an account was soft-deactivated, you can reactivate it to bring it back.

**Import statement** — each account has an **Import statement** link. It opens the bank statement import (Lesson 06) with that account already chosen, so the statement's transactions land in the right account.

---

## Screen Recording Notes

> [SCREEN: Navigate to /dashboard/finance/accounts — show the accounts page]

> [SCREEN: Click ""+ Add Account"" — show the form]

> [SCREENSHOT: Account form — callouts: Name, Type dropdown, Institution, Last Four, Opening Balance, Interest Rate, Credit Limit]

> [SCREEN: Fill in: Name ""Chase Checking"", Type ""Checking"", Institution ""JPMorgan Chase"", Last Four ""4567"", Opening Balance 2500]

> [SCREEN: Save — show the account appear in the list]

> [SCREEN: Navigate to /dashboard/finance — show the accounts row at the top with the new account]

> [SCREEN: Click the account — show the dashboard filter to that account's transactions]

---

## Key Takeaways

- 5 account types: checking, savings, credit_card, loan, cash
- Balance = Opening Balance + income - expenses (auto-calculated from transactions)
- Accounts appear as a row at the top of the finance dashboard
- Delete with transactions → soft deactivate (data preserved); delete without → hard delete
- Assign transactions to accounts to maintain accurate per-account balances
- **Import statement** on an account opens the bank statement import with that account chosen (Lesson 06)
",markdown,,,,,,
Lessons,1,8,Account Balances & Equipment Links,text,180,true,,"# Lesson 08: Account Balances & Equipment Links

**Course:** Mastering Your Finances
**Module:** Accounts
**Duration:** ~5 min
**Lesson type:** text / video
**is_free_preview:** true
**CYOA navigation:** cyoa

---

## Narrator Script

Once your accounts are set up and transactions are flowing, balances become meaningful. This lesson covers how to read account balances, how they connect to the Equipment module, and how cross-module linking works.

---

### Reading Account Balances

Each account's balance is live — it updates every time you add, edit, or delete a transaction assigned to that account.

The balance calculation:
```
Balance = Opening Balance + SUM(income) - SUM(expenses)
```

For **checking/savings/cash**: a positive balance means money available.

For **credit cards**: the balance represents what you owe. Income transactions (payments) reduce it. Expense transactions (charges) increase it.

For **loans**: similar to credit cards — the balance tracks remaining debt.

---

### Per-Account Filtering

On the finance dashboard, click any account in the accounts row to filter the view to just that account. The summary cards, budget bars, and transaction list all update to reflect only that account's data.

Click **All** to return to the combined view.

---

### Equipment Transaction Links

The Equipment module (Life → Equipment) can link items to financial transactions. When a transaction is linked as a purchase record for a piece of equipment:

- The equipment detail page shows the transaction as the purchase source
- The Equipment Summary calculates purchase values from these links
- You can trace ""what did I buy with this money?"" directly from the Finance module

From the Equipment side, teachers or users search for the transaction by vendor name in the equipment form's **Linked Purchase Transaction** field.

---

### Activity Links from Finance

Financial transactions can also appear in activity links. If you link a transaction to equipment, a trip, or a task via the ActivityLinker component:

- The link appears on both the transaction detail and the linked item's detail
- Income transactions linked to equipment contribute to the Equipment Summary's ROI calculation
- Expense transactions linked to trips help track travel costs

Activity links don't move money or change balances — they're informational cross-references.

---

### Example: Tracing a Purchase

1. You buy a camera for $1,799 at B&H Photo → logged as an expense in Finance
2. In Equipment, you create ""Sony A7III"" and link it to the B&H transaction
3. The equipment detail page shows: Purchased $1,799, linked to ""B&H Photo — $1,799 — 2024-06-15""
4. Later, you link the camera to a ""$500 photography gig"" income transaction via activity links
5. The Equipment Summary shows: Purchase $1,799, Revenue $500, ROI: -72%

The entire chain — spending, ownership, and revenue — is traceable across modules.

---

## Screen Recording Notes

> [SCREEN: Navigate to /dashboard/finance — show the accounts row with balances]

> [SCREEN: Click a checking account — show the filtered view]

> [SCREEN: Click ""All"" — return to combined view]

> [SCREEN: Navigate to /dashboard/equipment/[id] — show the Linked Purchase Transaction on the detail page]

> [SCREENSHOT: Equipment detail — callout: ""Linked transaction traces this item back to the B&H Photo purchase""]

> [SCREEN: Show the Equipment Summary page with purchase value and ROI numbers]

---

## Key Takeaways

- Account balances are auto-calculated: Opening Balance + income - expenses
- Click any account on the dashboard to filter to that account's transactions
- Equipment items link to transactions via the purchase transaction field
- Activity links connect transactions to equipment, trips, and tasks for cross-module tracing
- Income transactions linked to equipment contribute to ROI calculations
",markdown,,,,,,
Lessons,1,9,Saved Contacts & Vendor Autocomplete,text,300,true,,"# Lesson 09: Saved Contacts & Vendor Autocomplete

**Course:** Mastering Your Finances
**Module:** Contacts
**Duration:** ~4 min
**Lesson type:** text / video
**is_free_preview:** true
**CYOA navigation:** cyoa

---

## Narrator Script

Every time you log a transaction, you type a vendor name. If you buy from the same places regularly, that gets repetitive. Saved Contacts solves this — save your vendors once, and the autocomplete fills in the details for you.

---

### What Are Saved Contacts?

A saved contact is a reusable vendor, customer, or location in your contacts directory. Each contact has:

- **Name** — the vendor or customer name (e.g., ""Costco"", ""Amazon"", ""John's Auto"")
- **Contact Type** — vendor, customer, or location
- **Default Category** — the budget category this vendor typically falls under (e.g., Costco → Groceries)
- **Notes** — any context you want to remember
- **Use Count** — how many times you've selected this contact (auto-incremented)

---

### The ContactAutocomplete Component

When you create a transaction and start typing in the Vendor field, the ContactAutocomplete component kicks in:

1. Type 2+ characters
2. A dropdown appears showing matching saved contacts, sorted by use count (most used first)
3. Click a contact to select it
4. The vendor name auto-fills
5. If the contact has a `default_category_id`, the transaction category auto-fills too

This means selecting ""Costco"" from the autocomplete automatically sets the category to ""Groceries"" — no extra clicks.

---

### Saving a New Contact

If you type a vendor name that doesn't match any saved contact, you'll see a **""Save?""** prompt. Click it to save the vendor as a new contact. You can set the default category during this process.

The save operation is an upsert — if a contact with the same name and type already exists, the use count increments instead of creating a duplicate.

---

### Learned Categories: ""Always"" or ""Just this once""

You don't have to set default categories by hand. Whenever you pick or change a transaction's category (in the Add Transaction form, when editing a row in the transaction list, or with a bulk category change on rows from one vendor), a prompt appears on the page:

> Always categorize 'CHIPOTLE' as Dining? **[Always]** **[Just this once]**

- **Always** saves Dining as the default category on the Chipotle contact, creating the contact if you hadn't saved it yet. That default is the vendor's **learned category**.
- **Just this once** changes nothing else.

After Always, you're offered the chance to apply Dining to Chipotle's past transactions. The prompt shows how many there are, and how many have no category, before anything changes. You can update all of them or only the uncategorized ones.

A learned category is applied automatically to that vendor's new transactions that arrive without one:
- transactions you add by hand with Category left empty
- receipt scans (a learned category wins over the AI's guess)
- CSV imports

Vendor names are compared ignoring capitalization, store numbers, and punctuation, so ""CHIPOTLE #1234"", ""Chipotle"", and ""TST* Chipotle"" all count as the same vendor. Expenses use your saved **vendors**; income uses your saved **customers** (payers). A category you choose yourself always wins. To change or stop a learned category, edit the contact's default category.

The prompt doesn't appear when the vendor already has the category you chose, so you'll only see it when there's something new to learn.

---

### Managing Contacts

Navigate to the contacts management area to:

- **Edit** — change the name, type, default category, or notes
- **Delete** — permanently remove the contact
- **Add locations** — attach sub-addresses to a contact (covered in the Travel tutorial)

Contacts are shared across modules:
- **Finance** — vendor autocomplete on transactions
- **Travel** — trip origin/destination from contact locations
- **Planner** — task contacts and locations

---

### Contact Locations

Each contact can have multiple locations (sub-addresses). For example:
- **Costco** → ""Main Store"" (123 Main St), ""Gas Station"" (parking lot pump)
- **Client: Acme Corp** → ""HQ"" (456 Market St), ""Warehouse"" (789 Industrial Blvd)

In the Finance module, locations aren't used directly — the vendor name and category are what matter. But in Travel and Planner, locations are used for trip endpoints and task locations.

---

## Screen Recording Notes

> [SCREEN: Navigate to the transaction creation form — start typing ""Cost"" in the vendor field]

> [SCREEN: Show the autocomplete dropdown with ""Costco"" appearing, sorted by use count]

> [SCREENSHOT: ContactAutocomplete dropdown — callout: ""Matching contacts sorted by use count""]

> [SCREEN: Click ""Costco"" — show the vendor name auto-fill AND the category auto-fill to ""Groceries""]

> [SCREENSHOT: Transaction form — callout: ""Default category auto-filled from saved contact""]

> [SCREEN: Type a new vendor name ""New Pizza Place"" — show the ""Save?"" prompt]

> [SCREEN: Click Save — set default category to ""Dining"" — show the contact saved]

> [SCREEN: Change a Chipotle transaction's category to Dining — the ""Always categorize 'CHIPOTLE' as Dining?"" prompt appears — click Always — the ""Apply Dining to N past transactions"" offer appears]

> [SCREENSHOT: Past-transactions offer — callout: ""Count shown before anything changes; update all or only the uncategorized""]

> [SCREEN: Navigate to contacts management — show the list with use counts]

---

## Key Takeaways

- Saved Contacts store vendor/customer names with default budget categories
- ContactAutocomplete: type 2+ chars → dropdown → click to auto-fill vendor + category
- ""Save?"" prompt appears for new vendors — upserts to avoid duplicates
- After you categorize a transaction, ""Always"" teaches the vendor's category (its default category); ""Just this once"" changes nothing else
- Learned categories fill in manual entries left uncategorized, receipt scans, and CSV imports
- Contacts are shared across Finance, Travel, and Planner modules
- Contacts can have multiple locations (sub-addresses) used primarily in Travel and Planner
",markdown,,,,,,